user_id,early_plays,early_unique_artists,early_unique_tracks,late_plays,late_unique_artists,late_unique_tracks,play_change,artist_change,track_change,Drift_Score,Drift_Class,raw_drift,Cluster,Drift_Label
user_000001,4641,330,1199,12044,435,2273,1.59478672985782,0.31722054380664655,0.895,0.00011225524353003799,High,1.001580855085122,1,0
user_000002,42172,889,5210,15266,756,4859,-0.6379911317667702,-0.149438202247191,-0.06735751295336788,3.342333121595032e-05,Low,0.3202351672668758,0,1
user_000003,12450,698,3482,7044,646,2748,-0.4341819934141836,-0.07439198855507868,-0.21073786965259833,2.6362903030231805e-05,Low,0.25921175482797654,1,1
user_000004,10837,1027,3806,7574,1057,2785,-0.30107030817494,0.029182879377431907,-0.26819017599159445,2.0627439878630612e-05,Low,0.20964003988068391,1,1
user_000005,16384,832,1522,3957,598,1228,-0.7584375953616113,-0.2809123649459784,-0.19304005252790546,4.7923542460661184e-05,Medium,0.44556076338680967,1,2
user_000006,23526,1393,6434,5495,650,2383,-0.7663960555956986,-0.5329985652797704,-0.6295260295260295,7.219226684385188e-05,Medium,0.6553158006800195,1,2
user_000011,14923,528,6345,2248,147,1507,-0.8493031358885017,-0.720226843100189,-0.7623699968484084,8.713895514701669e-05,High,0.7845003063399799,1,0
user_000012,48951,1818,8738,26925,1887,7902,-0.44995097238110804,0.03793293018141836,-0.09566311935004006,2.1832940452121168e-05,Low,0.22005920381188074,0,1
user_000016,16250,990,4943,5922,1026,3407,-0.6355301212233093,0.03632694248234107,-0.3106796116504854,3.782906595213315e-05,Low,0.3583140147291717,1,1
user_000017,4431,1491,3689,15215,2031,8943,2.4332129963898916,0.36193029490616624,1.4238482384823847,0.0001709659700052514,High,1.5090187585725219,1,0
user_000018,11713,164,1130,1,1,1,-0.9998292641283933,-0.9878787878787879,-0.9982316534040672,0.00011158232851169407,High,0.9957648380362139,1,0
user_000019,25832,786,2899,1694,264,824,-0.9343862501451632,-0.6632782719186785,-0.7155172413793104,8.74736585448535e-05,High,0.7873931540474619,0,0
user_000021,45795,674,7951,24651,458,6328,-0.4616997117652197,-0.32,-0.20409959758551308,3.593108893456279e-05,Low,0.3419097639817418,0,1
user_000022,29455,828,3111,22019,1551,3545,-0.2524443237370994,0.8721351025331725,0.13946015424164523,4.316774375700427e-05,Medium,0.40445630652728504,0,2
user_000023,7820,129,1029,34190,197,1713,3.3716915995397008,0.5230769230769231,0.6640776699029126,0.00019362058492835166,High,1.7048230177098311,2,0
user_000024,15541,1411,8472,3655,739,2564,-0.7647664393256981,-0.47592067988668557,-0.6972736929068807,7.2487197005816e-05,Medium,0.657864887568349,1,2
user_000025,30609,1886,10021,8473,770,2819,-0.7231623652401176,-0.5914149443561209,-0.7186190381161445,7.531147105598003e-05,High,0.6822751408377266,0,0
user_000026,29927,489,3351,15381,328,2115,-0.48603314621758886,-0.32857142857142857,-0.36873508353221957,4.306927186375965e-05,Medium,0.40360521211813,0,2
user_000028,12781,561,6124,503,114,432,-0.9605695509309967,-0.7953736654804271,-0.9293061224489796,0.00010069110113271786,High,0.9016317567512208,1,0
user_000029,29008,999,5085,12822,1079,5250,-0.5579647695542762,0.08,0.03244199764058199,2.6097573541920782e-05,Low,0.2569185071138851,0,1
user_000031,26707,3134,13795,9608,3004,6754,-0.6402201587539315,-0.04146730462519936,-0.5103653232821107,4.515565400636889e-05,Medium,0.42163785187376557,0,2
user_000032,8108,377,1297,5968,89,439,-0.26390430385990876,-0.7619047619047619,-0.6610169491525424,5.797529348188753e-05,Medium,0.5324382348611547,1,2
user_000033,79922,666,4911,16514,330,3110,-0.7933636124770092,-0.5037481259370314,-0.36665309446254074,6.330069866138007e-05,Medium,0.5784658111106754,3,2
user_000034,15773,552,4504,3645,128,915,-0.7688601496132876,-0.7667269439421338,-0.7966703662597114,8.622063554576753e-05,High,0.7765632529058687,1,0
user_000038,2646,97,1329,11727,330,3433,3.430676237249717,2.377551020408163,1.5819548872180451,0.00029257897953278674,High,2.560122267187749,1,0
user_000039,13998,288,1653,1,1,1,-0.9998571326523323,-0.9930795847750865,-0.9987908101571947,0.00011178354681008918,High,0.9975039715406173,1,0
user_000040,10224,866,2363,8749,654,2504,-0.14425427872860636,-0.24452133794694347,0.05964467005076142,1.360575816133823e-05,Low,0.14895151389075403,1,1
user_000041,8118,2022,5120,4013,861,2431,-0.5056041384406946,-0.573900148294612,-0.5250927553212263,5.791759276172173e-05,Medium,0.5319395264610294,1,2
user_000044,5140,347,940,8029,239,1419,0.5619529274460222,-0.3103448275862069,0.5090329436769394,5.081995400432101e-05,Medium,0.4705945023573528,1,2
user_000050,12362,551,3753,1411,324,1128,-0.8857882391005419,-0.411231884057971,-0.6992541289291423,7.591148812323926e-05,High,0.6874610995363508,1,0
user_000052,21474,724,6621,11437,512,3914,-0.4673806752037253,-0.2924137931034483,-0.4087888855330716,4.234126944870573e-05,Medium,0.39731307367244606,1,2
user_000053,7007,2215,4605,8822,2932,6027,0.2589897260273973,0.32355595667870035,0.308727746417716,3.0304725663958007e-05,Low,0.2932810013398838,1,1
user_000054,51017,354,3384,39914,231,3735,-0.21762907209220275,-0.3464788732394366,0.10369276218611521,2.206942214179663e-05,Low,0.22210311946454664,3,1
user_000055,4340,260,810,10879,144,882,1.5063349458650082,-0.4444444444444444,0.08877928483353884,8.459363965963011e-05,High,0.7625010971293983,1,0
user_000056,10108,1115,4493,3539,657,1768,-0.649816994757147,-0.4103942652329749,-0.6063640409434802,6.173741135257133e-05,Medium,0.5649542897557953,1,2
user_000060,24134,2104,12162,375,176,357,-0.9844209654029418,-0.9159144893111639,-0.9705664720874784,0.0001074110817582973,High,0.9597126745807694,1,0
user_000064,16863,803,3103,17165,862,3469,0.01790796963946869,0.07338308457711443,0.11791237113402062,3.840687321536417e-06,Low,0.06455182456912799,1,1
user_000067,32818,2410,5306,18540,1482,3509,-0.4350528657180292,-0.3849025300705102,-0.3386093838326738,4.161949000199475e-05,Low,0.3910747204581668,0,1
user_000069,30045,387,3197,7876,259,1686,-0.7378353191772615,-0.32989690721649484,-0.4724828017510944,5.836980906038474e-05,Medium,0.5358480403611814,0,2
user_000070,12674,99,1939,5636,106,1238,-0.5552662721893491,0.07,-0.361340206185567,3.7041673921799916e-05,Low,0.35150857073140973,1,1
user_000072,8100,715,1885,13272,1030,3161,0.638439698802617,0.4399441340782123,0.6765641569459173,6.467320012263698e-05,Medium,0.5903283668282857,1,2
user_000074,44140,1335,8698,29584,1880,9396,-0.3297614462744387,0.40793413173652693,0.08023910794344177,2.857796195534632e-05,Low,0.27835655041376606,0,1
user_000075,14882,578,3342,15736,545,3059,0.057380904387556275,-0.05699481865284974,-0.08465450194436135,3.944277676018773e-06,Low,0.06544715793418583,1,1
user_000078,13474,1343,4455,35,10,31,-0.9973283858998144,-0.9918154761904762,-0.992818671454219,0.00011141534525706497,High,0.9943215986533344,1,0
user_000082,877,104,401,15627,573,3116,16.799544419134396,4.466666666666667,6.753731343283582,0.00116331815227291,High,10.085937170638832,1,0
user_000084,19020,265,1416,13128,249,999,-0.30976289364386733,-0.06015037593984962,-0.29428369795342274,2.3010327223296018e-05,Low,0.23023537962552865,1,1
user_000086,4083,423,2177,14313,976,4387,2.5048971596474043,1.304245283018868,1.014692378328742,0.00019278952627361324,High,1.6976401622632449,1,0
user_000087,7641,205,1206,12971,463,2526,0.697461397539911,1.2524271844660195,1.0936205468102733,0.00011008216286674301,High,0.9827988783988523,1,0
user_000089,30522,647,6670,17618,542,4620,-0.42276316220554994,-0.16203703703703703,-0.3073002548343577,3.2228295632955816e-05,Low,0.3099064524436384,0,1
user_000090,8548,203,1316,4010,141,960,-0.5308223183998129,-0.30392156862745096,-0.27031131359149585,4.087022302713151e-05,Low,0.3845987920256092,1,1
user_000091,4089,721,3248,14347,905,6002,2.508068459657702,0.2548476454293629,0.8476454293628809,0.00015071338702519414,High,1.3339753063007538,1,0
user_000093,1,1,1,39632,694,4087,19815.5,346.5,2043.0,1.0,High,8643.050000000001,2,0
user_000095,15788,1236,5537,30531,1658,7436,0.9337513458737096,0.34114793856103476,0.3429035752979415,6.332964472835346e-05,Medium,0.5787159925071768,2,2
user_000096,11734,1214,5106,2455,777,1795,-0.7907115466553046,-0.3596707818930041,-0.6483258272958684,6.795390976364347e-05,Medium,0.6186836014187836,1,2
user_000097,51288,3220,11841,20564,2737,9252,-0.599036830509466,-0.1499534306116113,-0.21862861003208917,3.688903901622387e-05,Low,0.35018934439689653,0,1
user_000103,9395,257,2101,8705,435,2400,-0.07343550446998723,0.689922480620155,0.1422454804947669,2.8655254361654233e-05,Low,0.27902459012247144,1,1
user_000104,13046,1079,4726,1,1,1,-0.9998467080554917,-0.9981481481481481,-0.9995768986672308,0.0001119862798827003,High,0.9992561972668104,1,0
user_000105,9879,346,1996,4452,197,1240,-0.5492914979757085,-0.42939481268011526,-0.3785678517776665,4.983776199709815e-05,Medium,0.4621053985276179,1,2
user_000108,22095,1915,10409,3574,639,1463,-0.8382060101375814,-0.6659707724425887,-0.8593659942363112,8.81088856845626e-05,High,0.7928834340587025,1,0
user_000112,16173,1114,4987,24092,1639,9539,0.48961295907011254,0.47085201793721976,0.9125902165196471,6.705078230600195e-05,Medium,0.610877853965105,2,2
user_000113,14745,357,1346,7145,456,1715,-0.5153940051539401,0.276536312849162,0.2739420935412027,3.933167861392232e-05,Low,0.3713011239786855,1,1
user_000116,4538,640,2348,10790,1863,5974,1.377395902181097,1.9079563182527302,1.543635589612601,0.00017992316168265936,High,1.5864359332320381,1,0
user_000117,8035,298,2128,10672,342,2617,0.3281483325037332,0.14715719063545152,0.22968529826209488,2.4639005885944556e-05,Low,0.2443120796707572,1,1
user_000120,15911,677,5342,5886,769,5264,-0.6300276520864756,0.13569321533923304,-0.014598540145985401,3.0746421591945856e-05,Low,0.2970985874801558,1,1
user_000121,24489,510,3170,4206,257,925,-0.8282155982033483,-0.49510763209393344,-0.7079785556606749,7.64611798764845e-05,High,0.6922120956077218,1,0
user_000122,10303,442,1880,5395,224,1163,-0.4763198757763975,-0.49209932279909707,-0.38118022328548645,4.872778123833717e-05,Medium,0.45251181413593405,1,2
user_000124,11554,372,1030,8202,248,631,-0.2900908697533535,-0.3324396782841823,-0.38700290979631424,3.47693837398128e-05,Low,0.33186912432549037,1,1
user_000125,1939,122,785,16671,359,2881,7.59381443298969,1.9268292682926829,2.6666666666666665,0.0005072553979311946,High,4.4155745536836815,1,0
user_000129,19725,335,4176,17769,442,4554,-0.09915847105343202,0.31845238095238093,0.09049557098395979,1.5155709707710745e-05,Low,0.16234777400227504,1,1
user_000131,8809,442,1724,27903,2249,8471,2.1673098751418842,4.07900677200903,3.911304347826087,0.00037401985660003435,High,3.264017286007289,2,0
user_000132,18740,726,3115,17411,838,4444,-0.07091403873859453,0.15405777166437415,0.42650834403080873,1.980543659830766e-05,Low,0.20253545020399266,1,1
user_000133,9260,859,3952,3143,672,1595,-0.6605118237771299,-0.21744186046511627,-0.5962560080951176,5.5184122274486244e-05,Medium,0.5083140900789221,1,2
user_000134,24544,508,5738,16620,781,5459,-0.32283560806681605,0.5363457760314342,-0.048614741244119186,3.161692890423338e-05,Low,0.3046223984093924,0,1
user_000135,22178,2623,12005,17616,2494,8541,-0.2056900671806664,-0.04916158536585366,-0.2885224054639347,1.7612426625169837e-05,Low,0.18358122412120306,0,1
user_000137,16405,219,1433,31409,429,3425,0.9145434597098623,0.9545454545454546,1.389121338912134,0.00012004610568307053,High,1.0689174219212214,2,0
user_000141,48591,413,2167,25718,318,1687,-0.47071534408956206,-0.22946859903381642,-0.22140221402214022,3.380655545998232e-05,Low,0.3235473815526118,0,1
user_000142,26878,635,4233,9912,519,2854,-0.6311990773466275,-0.18238993710691823,-0.3256967406707605,4.3219731119662276e-05,Medium,0.4049056342719546,0,2
user_000147,50150,2071,6082,25974,837,2687,-0.48206416621802156,-0.5955598455598455,-0.5581127733026467,5.872609798117277e-05,Medium,0.5389274521459563,0,2
user_000149,13267,550,5878,55561,1066,12129,3.1876695809466384,0.9364791288566243,1.0632760673583943,0.00021330946685215694,High,1.874994391243161,2,0
user_000151,6543,371,2662,4971,230,1772,-0.2402200488997555,-0.3790322580645161,-0.334209538114908,3.2246125742602795e-05,Low,0.3100605584137294,1,1
user_000152,40,11,35,12860,450,4346,312.6829268292683,36.583333333333336,119.75,0.019893722452212804,High,171.97317073170734,1,0
user_000154,14060,427,2916,3842,301,1676,-0.7266908470236825,-0.29439252336448596,-0.42509427494000684,5.497682065313793e-05,Medium,0.5065223783008208,1,2
user_000155,67124,793,4182,54913,1088,4921,-0.1819143389199255,0.371536523929471,0.1766674635429118,2.381925202985884e-05,Low,0.23722693180968507,3,1
user_000159,14401,540,6641,9064,582,4728,-0.3705735314539647,0.07763401109057301,-0.2880156579343571,2.6213945635594174e-05,Low,0.25792431328906495,1,1
user_000160,15119,869,3444,34579,1016,6159,1.287037037037037,0.16896551724137931,0.7880986937590712,8.915604807420473e-05,High,0.80193407811495,2,0
user_000161,13948,1467,5210,7119,1050,4015,-0.48956914474155855,-0.2840599455040872,-0.22932258683554022,3.6848899475549216e-05,Low,0.34984241759851165,1,1
user_000162,23025,1184,19504,6544,954,5010,-0.7157561017979676,-0.1940928270042194,-0.7430915149961548,6.202706172437082e-05,Medium,0.5674577433192993,0,2
user_000165,18856,916,1667,6106,609,1391,-0.6761414859203478,-0.33478735005452565,-0.16546762589928057,4.502783237771371e-05,Medium,0.420533087154281,1,2
user_000169,8532,276,1508,10679,371,2076,0.25161139106996366,0.34296028880866425,0.3764082173624917,3.2985977191442866e-05,Low,0.31645510827933226,1,1
user_000170,27172,1595,6960,23451,783,2285,-0.13693740109667685,-0.5087719298245614,-0.6715989082028444,4.368028520836833e-05,Medium,0.4088862118468925,0,2
user_000174,26835,3972,11355,13359,2369,6662,-0.5021612758980474,-0.4034734457588724,-0.4132617118703769,4.796106340959899e-05,Medium,0.44588505764799374,0,2
user_000178,10493,1219,4499,22906,2879,9159,1.182866399847532,1.360655737704918,1.0355555555555556,0.000134287950005742,High,1.1920099479171549,1,0
user_000180,24976,814,2751,23827,1056,3323,-0.04600232213636546,0.2969325153374233,0.20784883720930233,1.6022022847285722e-05,Low,0.16983533461856387,0,1
user_000181,9408,275,2032,3788,135,1079,-0.5973004570092465,-0.5072463768115942,-0.46876537137235613,5.789262241154057e-05,Medium,0.5317237072588837,1,2
user_000182,19936,821,6981,10644,657,4762,-0.4660681145608667,-0.19951338199513383,-0.31781724434259523,3.589830753401638e-05,Low,0.3416264337256654,1,1
user_000188,23622,826,5429,18217,854,7417,-0.22880243830165517,0.03385731559854897,0.3661141804788214,2.084407533210601e-05,Low,0.21151242414387317,0,1
user_000189,10156,196,4321,2420,186,1806,-0.7616422171901152,-0.050761421319796954,-0.581906524757057,5.358088387460735e-05,Medium,0.4944572706991023,1,2
user_000190,22392,344,6751,16107,334,3635,-0.2806680659134551,-0.028985507246376812,-0.46149289099526064,2.6385926353229126e-05,Low,0.25941074583787327,0,1
user_000195,11335,194,542,11082,325,1201,-0.022318278052223008,0.6717948717948717,1.2136279926335174,6.284812060703348e-05,Medium,0.5745541705494059,1,2
user_000196,9163,76,1349,4623,122,947,-0.4954168485377564,0.5974025974025974,-0.29777777777777775,5.037177142506242e-05,Medium,0.4667208519692151,1,2
user_000199,30074,1044,7494,60294,1454,11161,1.0048212801330008,0.3923444976076555,0.4892595063375584,7.347583604745823e-05,High,0.6664097132367646,2,0
user_000203,19512,542,3471,26943,382,3449,0.3808230410495567,-0.2946593001841621,-0.006336405529953917,2.4444149018661995e-05,Low,0.2426279281340575,2,1
user_000205,21039,649,2219,32121,1157,3657,0.5267110266159696,0.7815384615384615,0.6477477477477478,7.035893431251014e-05,Medium,0.6394702734322506,2,2
user_000206,28663,1375,5849,6553,932,2986,-0.771350823332403,-0.32194767441860467,-0.4894017094017094,6.023224911543869e-05,Medium,0.5519451444790554,0,2
user_000208,7460,990,1896,9793,915,2362,0.31269266854309075,-0.07568113017154389,0.24565102793885082,2.1996946929137344e-05,Low,0.22147671485035472,1,1
user_000209,14016,382,3243,3439,148,1533,-0.7545837197688521,-0.6109660574412533,-0.5271270036991369,7.079756958264725e-05,Medium,0.6432614062496579,1,2
user_000210,18112,3088,11866,9431,2603,7706,-0.47926903329100645,-0.15700874069278084,-0.3505519507878992,3.6170132359566234e-05,Low,0.3439758207606066,1,1
user_000215,16879,462,2928,18854,644,5640,0.11700236966824644,0.3930885529157667,0.9259132809832707,4.756958448879349e-05,Medium,0.44250149803700983,1,2
user_000217,10239,230,623,5444,249,665,-0.46826171875,0.08225108225108226,0.0673076923076923,2.3234431824019462e-05,Low,0.23217231986763237,1,1
user_000222,21772,416,5248,13791,781,2925,-0.3665549074541864,0.8752997601918465,-0.4425604877119451,5.907928305838182e-05,Medium,0.5419800373528121,1,2
user_000223,23854,515,6250,2035,113,1129,-0.9146510165583736,-0.7790697674418605,-0.8192289233722604,9.417928561937113e-05,High,0.8453500138675856,1,0
user_000226,4204,414,2266,13781,894,6192,2.2775267538644473,1.1566265060240963,1.7318041464490517,0.0002020339509731187,High,1.7775398972877232,1,0
user_000229,20338,660,5825,2609,269,1665,-0.8716751069374109,-0.5915279878971256,-0.7140405080672846,8.202966213283509e-05,High,0.7403405915642873,1,0
user_000233,89403,2904,9745,28085,2546,8555,-0.6858529819694869,-0.12323580034423408,-0.12210137492304535,3.662906051546502e-05,Low,0.3479423453679786,3,1
user_000234,10631,222,1335,13586,182,1359,0.27793453724604966,-0.17937219730941703,0.017964071856287425,1.6084427089579584e-05,Low,0.1703746956481312,1,1
user_000235,38729,1073,6239,2,2,2,-0.9999225406661503,-0.9972067039106145,-0.9995192307692308,0.0001119551101481996,High,0.9989867966704138,0,0
user_000237,9935,1424,4383,12772,1266,4348,0.28552737520128824,-0.11087719298245614,-0.007983576642335767,1.3711932533403177e-05,Low,0.14986918096795285,1,1
user_000238,8494,302,1420,6458,339,1539,-0.23967039434961743,0.12211221122112212,0.08374384236453201,1.4609280227266574e-05,Low,0.15762497381554322,1,1
user_000239,11449,495,2446,10773,542,3128,-0.05903930131004367,0.09475806451612903,0.2787086228034328,1.2067431366085604e-05,Low,0.13565572671988602,1,1
user_000242,19490,405,5076,9294,362,3466,-0.5231132317479863,-0.10591133004926108,-0.31711640732716173,3.526510054472199e-05,Low,0.3361536139121214,1,1
user_000249,53947,1310,12366,10581,763,6236,-0.8038481500704382,-0.41723874904652936,-0.49567397105199323,6.526150259417956e-05,Medium,0.5954130760577321,0,2
user_000250,38182,610,4419,20058,644,3532,-0.4746614985726632,0.05564648117839607,-0.20067873303167422,2.7236487732025348e-05,Low,0.2667621636920864,0,1
user_000251,16526,809,2985,4915,540,1655,-0.7025473467658983,-0.33209876543209876,-0.4454119223040857,5.5873471122866425e-05,Medium,0.5142721450272146,1,2
user_000255,44998,366,4649,24731,251,2486,-0.45038778639525323,-0.3133514986376022,-0.46516129032258063,4.423827768741938e-05,Medium,0.41370895124615614,0,2
user_000256,16000,375,4051,5826,129,1873,-0.6358352602962315,-0.6542553191489362,-0.5375123395853899,6.716492619651054e-05,Medium,0.6118644017387904,1,2
user_000259,13347,401,2675,15250,508,3443,0.14256817500749175,0.26616915422885573,0.28699551569506726,2.2170492329387093e-05,Low,0.2229766709801736,1,1
user_000260,22783,721,3165,1,1,1,-0.9999122191011236,-0.997229916897507,-0.9993682880606444,0.00011195019895405889,High,0.9989443491278948,1,0
user_000261,13926,523,2749,165,23,120,-0.9880807065412508,-0.9541984732824428,-0.956,0.00010840369213836475,High,0.9682918246012331,1,0
user_000262,11539,355,3690,8484,230,2570,-0.2647313691507799,-0.351123595505618,-0.3034408019506909,3.134381465912926e-05,Low,0.30226186689720463,1,1
user_000264,7026,218,1063,9279,428,3147,0.32062046392486127,0.958904109589041,1.9586466165413534,0.00011247883998443616,High,1.003513403409063,1,0
user_000266,14938,2167,7478,900,288,781,-0.9396880647968405,-0.8666974169741697,-0.8954405669207113,0.00010102488085193824,High,0.9045166210872004,1,0
user_000267,20472,1641,5747,1873,357,1168,-0.908464807307185,-0.781973203410475,-0.796624913013222,9.32091782571598e-05,High,0.8369653578499832,1,0
user_000269,10331,1724,4432,12262,765,2416,0.18689508323654666,-0.5559420289855073,-0.45477103541619673,4.010349560422925e-05,Low,0.37797195261512984,1,1
user_000271,27800,797,4031,5089,421,1475,-0.8169130606812705,-0.47117794486215536,-0.6339285714285714,7.253721328013143e-05,Medium,0.6582971791597262,0,2
user_000273,61101,613,3871,7732,462,2848,-0.8734411312232006,-0.24592833876221498,-0.26420454545454547,5.4501748144797136e-05,Medium,0.5024163177543084,0,2
user_000274,66669,1486,8233,58464,2027,9840,-0.12306884655767211,0.36381977135171484,0.19516638328880254,2.1470125222156947e-05,Low,0.21692338501522404,3,1
user_000276,11238,543,3288,3401,205,1037,-0.6973040306077053,-0.6213235294117647,-0.6844025539677714,7.396521645894831e-05,High,0.670639437256943,1,0
user_000279,6679,584,2919,5168,430,2400,-0.22619760479041917,-0.26324786324786326,-0.17773972602739727,2.2147195806524257e-05,Low,0.22277531869874584,1,1
user_000280,27158,789,5530,16010,857,5279,-0.4104716668507677,0.08607594936708861,-0.04538058217320557,1.993157030730374e-05,Low,0.20362562620239533,0,1
user_000281,25798,1066,7071,7409,444,3156,-0.7127795650994224,-0.5829428303655108,-0.553591628959276,6.880876878030688e-05,Medium,0.626072163837205,0,2
user_000284,7503,1235,3620,11623,2047,5821,0.5490405117270789,0.656957928802589,0.6078431372549019,6.56830507361783e-05,Medium,0.5990565245080789,1,2
user_000285,14803,267,4043,2940,113,1569,-0.8013374763577411,-0.5746268656716418,-0.6117705242334323,7.463798722315096e-05,High,0.6764542075146187,1,0
user_000289,3794,314,630,9599,406,937,1.5296442687747036,0.2920634920634921,0.4865293185419968,9.418918225704744e-05,High,0.8454355506915281,1,0
user_000290,24663,1312,8234,17131,874,4997,-0.30538436587739215,-0.3335872048743336,-0.3930783242258652,3.572787765234656e-05,Low,0.3401534050810165,0,1
user_000293,57759,1929,11692,5060,286,2226,-0.9123788088642659,-0.8512953367875647,-0.809544171726674,9.624492529564518e-05,High,0.863203376099978,0,0
user_000294,21331,919,3746,14237,768,3888,-0.33255203450215637,-0.1641304347826087,0.03789698425406992,1.877496205466857e-05,Low,0.19362903951186616,1,1
user_000296,10814,1106,4124,9365,1083,3269,-0.13398058252427184,-0.02077687443541102,-0.20727272727272728,1.0488282487550652e-05,Low,0.12200711352215021,1,1
user_000298,80689,1366,6324,11680,1159,4548,-0.8552360887346635,-0.15142648134601316,-0.2807905138339921,5.095474854065078e-05,Medium,0.47175953404786697,3,2
user_000300,13354,287,1945,4865,220,910,-0.6356420816173718,-0.2326388888888889,-0.5318602261048304,5.232545402979963e-05,Medium,0.48360656714506445,1,2
user_000303,14013,1189,4698,6315,850,3037,-0.5493078350221208,-0.2848739495798319,-0.3534794637156842,4.395136482155704e-05,Medium,0.41122915799750315,1,2
user_000304,32391,850,7769,2752,372,1627,-0.9150098789824648,-0.5616921269095182,-0.7904761904761904,8.565268512245436e-05,High,0.7716544468086985,0,0
user_000306,28280,844,7191,1355,68,615,-0.9520526148297443,-0.9183431952662722,-0.914349276974416,0.00010404606680496436,High,0.9306287876041042,0,0
user_000309,19818,275,2407,9216,148,1267,-0.5349412180231091,-0.4601449275362319,-0.473421926910299,5.353336261232042e-05,Medium,0.4940465435432029,1,2
user_000312,17243,1294,4390,4246,681,1715,-0.753711435861749,-0.47335907335907335,-0.6092006376679572,6.882963230300024e-05,Medium,0.6262524876528088,1,2
user_000313,49325,3328,16218,28825,1283,8730,-0.4156023192636743,-0.614298588164614,-0.46168074480547505,5.2953493916724455e-05,Medium,0.48903472759649647,3,2
user_000317,17694,547,7137,21668,600,7587,0.22458321559762645,0.09671532846715329,0.0630428691510227,1.2310982709833693e-05,Low,0.13776074552450338,1,1
user_000319,6206,317,2978,10685,600,5022,0.721604639922668,0.889937106918239,0.6861362873447465,8.447363264307248e-05,High,0.7614638742479629,1,0
user_000320,7985,749,3704,7285,1060,3949,-0.0876533934385174,0.4146666666666667,0.06612685560053981,1.711701984169036e-05,Low,0.1792994140555689,1,1
user_000322,15778,929,10389,3017,372,2501,-0.808733126307117,-0.5989247311827957,-0.7591915303176131,8.09406372238577e-05,High,0.7309281289729694,1,0
user_000323,22553,593,5809,1605,144,435,-0.9287931187372528,-0.7558922558922558,-0.9249569707401033,9.769912086126078e-05,High,0.8757720154846088,1,0
user_000325,8509,496,3408,3733,218,1640,-0.5612220916568743,-0.5593561368209256,-0.5186271633910238,5.976235336253925e-05,Medium,0.5478838267263345,1,2
user_000326,16037,1173,4747,3048,580,1687,-0.8098890135927173,-0.5051107325383305,-0.6444818871103623,7.3756256372226e-05,High,0.6688333913316947,1,0
user_000329,9718,493,2248,51573,1349,5507,4.30651301574236,1.7327935222672064,1.4490884837705647,0.00030612141716378254,High,2.6771698081082755,2,0
user_000337,13744,1161,5984,656,326,613,-0.952200800291015,-0.7185886402753873,-0.8974101921470342,9.653146797770593e-05,High,0.8656799698431324,1,0
user_000338,28140,612,3944,15228,448,2193,-0.45883230873103303,-0.26753670473083196,-0.4438529784537389,4.2299241860932e-05,Medium,0.3969498284477845,0,2
user_000340,4203,253,1763,18997,466,5337,3.5190294957183634,0.8385826771653543,2.026077097505669,0.0002586657660369372,High,2.2670097306886525,1,0
user_000341,17215,960,10248,3820,593,2894,-0.7780552973977695,-0.38189386056191466,-0.7175334178944287,7.054174417662904e-05,Medium,0.6410503024960108,1,2
user_000344,30860,905,7715,7482,1075,3932,-0.7575256796604128,0.18763796909492272,-0.49027993779160184,5.4961000443053795e-05,Medium,0.5063856439301225,0,2
user_000345,46891,4594,20891,6017,1680,4934,-0.8716625437174784,-0.6341675734494016,-0.7637851809304997,8.523574711081105e-05,High,0.7680508438009618,0,0
user_000346,9596,293,2049,11151,256,2553,0.16202980097947275,-0.12585034013605442,0.24585365853658536,1.6772661674154474e-05,Low,0.17632311999358102,1,1
user_000348,48833,1049,6711,41612,2025,8686,-0.14786828848752917,0.9295238095238095,0.29424910607866506,4.5692658309325274e-05,Medium,0.42627919007575404,3,2
user_000349,65777,784,5196,48293,885,8985,-0.26580315607041866,0.1286624203821656,0.7290744660380989,3.844555352956085e-05,Low,0.3636423283542468,3,1
user_000351,7028,420,3061,6504,391,3195,-0.07454829990041258,-0.0688836104513064,0.043762246897452645,3.73207394893168e-06,Low,0.06361307716479274,1,1
user_000353,11481,100,870,2552,51,471,-0.77765197700749,-0.48514851485148514,-0.4580941446613088,6.510189546409822e-05,Medium,0.5940335886568342,1,2
user_000356,15809,498,3499,13188,493,3713,-0.16578115117014547,-0.01002004008016032,0.061142857142857145,6.514464391742038e-06,Low,0.08766132963496344,1,1
user_000357,52078,1414,10290,29391,862,7253,-0.4356266441367922,-0.3901060070671378,-0.2951122339908658,4.0316867509705366e-05,Low,0.37981612997211794,3,1
user_000361,18065,742,3452,542,54,296,-0.9699435403520426,-0.9259757738896366,-0.9139878366637706,0.0001051264430124096,High,0.9399664993068393,1,0
user_000366,35661,841,6911,18649,500,6050,-0.47703437832987494,-0.40498812351543945,-0.12456597222222222,3.683010540001069e-05,Low,0.34967998005324846,0,1
user_000370,24533,1168,9914,11761,415,2955,-0.52058367979131,-0.6441402908468776,-0.7018658598083711,6.718470115956013e-05,Medium,0.6120353171130987,0,2
user_000371,19174,675,7543,1,1,1,-0.9998956975228162,-0.9970414201183432,-0.9997348886532343,0.00011195561633363855,High,0.9989911716405997,1,0
user_000372,12849,520,3844,2893,244,1367,-0.7747859922178988,-0.5297504798464492,-0.6442132639791938,7.297760812737309e-05,Medium,0.6621035200348524,1,2
user_000376,29323,1388,8827,14183,1116,6972,-0.5163006411130814,-0.19582433405327573,-0.21012686905301314,3.4357084854963066e-05,Low,0.3283056173771192,0,1
user_000377,9412,242,1251,32798,492,2714,2.484436417720174,1.02880658436214,1.1685303514376997,0.0001876218277786195,High,1.6529756478280215,2,0
user_000380,17355,394,3665,1560,228,613,-0.9100599216409311,-0.42025316455696204,-0.8325150027277687,8.197341179454938e-05,High,0.7398544188417916,1,0
user_000381,21951,549,9246,392,105,320,-0.9820973032069971,-0.8072727272727273,-0.965286038715259,0.00010334929212780078,High,0.9246065510791948,1,0
user_000382,37347,1604,10407,1,1,1,-0.9999464496090822,-0.9987538940809969,-0.9998078401229823,0.0001120199374333804,High,0.9995471001048266,0,0
user_000383,7046,298,1979,10720,379,2681,0.5213566056477934,0.2709030100334448,0.35454545454545455,4.220984637922775e-05,Low,0.3961771816327872,1,1
user_000384,37861,1613,11403,14100,1170,6500,-0.6275685383762083,-0.27447335811648077,-0.429936864258155,4.98661182399076e-05,Medium,0.4623504820628741,0,2
user_000387,8274,863,3219,8118,807,2951,-0.018851963746223565,-0.06481481481481481,-0.08322981366459627,2.383135157563032e-06,Low,0.05195417404231275,1,1
user_000388,6169,1309,3446,6019,1221,3429,-0.024311183144246355,-0.06717557251908397,-0.004931824775166811,0.0,Low,0.03135669244597378,1,1
user_000389,10290,540,3198,3726,585,2464,-0.6378388883490429,0.08317929759704251,-0.22944670209440451,3.67425636698094e-05,Low,0.34892335524705126,1,1
user_000391,12313,1130,4461,620,225,478,-0.9495695955822641,-0.8001768346595933,-0.892649036306589,9.907636931222514e-05,High,0.8876755995227603,1,0
user_000394,28023,1242,5901,9531,759,2903,-0.6598629745932059,-0.38857602574416733,-0.50796340223653,5.8029531866609724e-05,Medium,0.5329070182314916,0,2
user_000397,14144,755,6107,10283,769,6022,-0.27295864262990455,0.018518518518518517,-0.013916175507531107,1.0130392681913282e-05,Low,0.11891386525977671,1,1
user_000400,21148,488,2470,18088,406,2564,-0.1446876920894605,-0.16768916155419222,0.03804127883447997,1.0209108663063682e-05,Low,0.11959420895238586,1,1
user_000407,15699,1226,5281,11221,339,3057,-0.2852229299363057,-0.7229013854930725,-0.42105263157894735,4.92789269846075e-05,Medium,0.4572753770961282,1,2
user_000412,36255,2942,11161,4220,1026,2894,-0.8835778905560459,-0.6510363574583758,-0.740637878516395,8.556926290348145e-05,High,0.7709334270148496,0,0
user_000415,8888,2022,6050,5335,1736,4096,-0.3997075036562043,-0.14137419673751853,-0.32292183110229716,3.0986294073983824e-05,Low,0.2991718098144264,1,1
user_000420,14349,428,2350,1,1,1,-0.9998606271777003,-0.9953379953379954,-0.9991492981709911,0.00011187454133591584,High,0.9982904389237761,1,0
user_000423,23409,450,2638,19861,738,3945,-0.15155916275096112,0.6385809312638581,0.49526335733232285,4.274204123339635e-05,Medium,0.4007769516792387,0,2
user_000425,10414,816,4905,7920,628,4216,-0.23946231397023524,-0.23011015911872704,-0.14044027721157765,2.0316207946303206e-05,Low,0.2069500564871855,1,1
user_000426,25134,488,5242,6816,386,3475,-0.7287845633578676,-0.2085889570552147,-0.3370207896242609,4.903842909435385e-05,Medium,0.4551967493469897,0,2
user_000427,83880,4031,27099,27854,2503,12097,-0.6679224138958763,-0.37896825396825395,-0.5535793357933579,5.965237046434933e-05,Medium,0.5469332424868341,3,2
user_000429,30357,1262,3791,19611,2720,6668,-0.3539758877396403,1.154394299287411,0.7587025316455697,7.91578428978093e-05,High,0.7155194043757502,0,0
user_000431,24023,1020,6499,52037,1007,8735,1.166083916083916,-0.012732615083251714,0.344,6.272075543101174e-05,Medium,0.5734533509585419,2,2
user_000436,26806,954,3009,7932,638,1743,-0.7040698325064348,-0.3308900523560209,-0.4205980066445183,5.504068403521479e-05,Medium,0.5070743507027358,0,2
user_000437,20366,1431,4965,3765,619,1840,-0.8150930426670595,-0.5670391061452514,-0.6292790978654853,7.561894898030176e-05,High,0.6849326782700448,1,0
user_000439,14789,910,5851,6181,516,2915,-0.5820148749154834,-0.43249176728869376,-0.5017088174982912,5.573393426951721e-05,Medium,0.5130661254022889,1,2
user_000442,21664,396,4588,1,1,1,-0.9999076852065544,-0.9949622166246851,-0.9995641752015689,0.00011187807629377984,High,0.998320991630498,1,0
user_000445,24874,358,2000,32627,403,2839,0.311678391959799,0.12534818941504178,0.4192903548225887,2.9700992003298194e-05,Low,0.2880629200552087,2,1
user_000451,40212,1919,9920,55667,3293,16828,0.3843284509984333,0.715625,0.6963007761314384,6.316686835051222e-05,Medium,0.5773091132388048,2,2
user_000452,4058,53,631,17514,242,2143,3.3151022419315104,3.5,2.392405063291139,0.000354321314079919,High,3.093762415759946,1,0
user_000453,19717,582,4792,12177,549,4620,-0.38239172329850896,-0.05660377358490566,-0.0358856665971208,1.7279475504045066e-05,Low,0.18070352137401152,1,1
user_000458,54518,810,3301,58578,1253,5658,0.07446945101707661,0.5462392108508015,0.7138098122350091,4.355489793812822e-05,Medium,0.4078024873325738,3,2
user_000460,23374,407,903,368,42,83,-0.9842139037433155,-0.8946078431372549,-0.9070796460176991,0.00010445830942374744,High,0.9341918082438123,1,0
user_000461,12988,1603,5240,4454,1247,3159,-0.6570174763261221,-0.22194513715710723,-0.3970616294600267,4.8264656746126975e-05,Medium,0.448509020515589,1,2
user_000467,14805,1520,6661,6547,1464,4411,-0.5577468593813318,-0.036817882971729124,-0.3377364154908436,3.5185431548363873e-05,Low,0.33546503329130456,1,1
user_000469,8047,392,2864,9464,380,2472,0.17606858846918488,-0.030534351145038167,-0.13682373472949388,1.0329512452595424e-05,Low,0.12063486115003358,1,1
user_000471,1,1,1,26923,1838,12323,13461.0,918.5,6161.0,0.8687032798571253,High,7508.250000000001,2,0
user_000476,10261,280,1675,8567,240,985,-0.165075034106412,-0.1423487544483986,-0.4116945107398568,2.3242608750892548e-05,Low,0.2322429931990414,1,1
user_000477,10434,2304,6887,4141,1219,2772,-0.6030666027791087,-0.47071583514099785,-0.5974157955865272,6.135697026345713e-05,Medium,0.5616661303299011,1,2
user_000479,15111,2163,6465,1168,399,785,-0.9226442562202224,-0.8151571164510166,-0.8784410763996289,9.785706855465502e-05,High,0.8771371603432827,1,0
user_000480,46189,533,5154,1011,188,614,-0.978090495778307,-0.6460674157303371,-0.8806983511154219,9.463235816949192e-05,High,0.8492659283650505,0,0
user_000482,19642,224,2237,26649,269,2967,0.356717405691595,0.2,0.3261840929401251,3.114484751472067e-05,Low,0.3005421901586755,2,1
user_000483,14201,1232,8508,18716,3306,11911,0.31791297000422475,1.6820762368207625,0.399929486426137,8.335169022082493e-05,High,0.7517669049757597,1,0
user_000491,15980,797,3727,123,45,101,-0.9922407859332958,-0.9423558897243107,-0.9726394849785408,0.00010876272204573901,High,0.9713949267841737,1,0
user_000493,30171,400,3770,12288,226,2365,-0.5927018427681294,-0.4339152119700748,-0.37258021744895253,5.179587039692749e-05,Medium,0.47902936593295997,0,2
user_000496,25376,778,4040,10880,647,2263,-0.571225913228514,-0.1681643132220796,-0.43974263796090074,4.390893666464367e-05,Medium,0.41086245064629967,0,2
user_000499,32827,1500,4820,20131,1961,6166,-0.3867430242475935,0.30712858094603596,0.27919518772039,3.462189082337529e-05,Low,0.3305943402989652,0,1
user_000501,19738,630,4283,6719,460,2257,-0.659557221743756,-0.2694136291600634,-0.472922502334267,5.2662970483382186e-05,Medium,0.4865237281458015,1,2
user_000502,1,1,1,12034,799,4390,6016.5,399.0,2194.5,0.36846138770896447,High,3184.6499999999996,1,0
user_000503,28839,604,4274,17567,370,3470,-0.3908460471567268,-0.3867768595041322,-0.1880701754385965,3.4413420724233356e-05,Low,0.3287925293455093,0,1
user_000505,9372,466,1995,7904,778,2451,-0.15662007895017604,0.6680942184154176,0.22845691382765532,3.473979302815835e-05,Low,0.3316133712529923,1,1
user_000507,16279,540,3099,13457,354,2753,-0.17334152334152333,-0.3438077634011091,-0.11161290322580646,2.0201983136286633e-05,Low,0.205962809324684,1,1
user_000509,24116,715,4691,17325,2026,9930,-0.2815856035161919,1.8310055865921788,1.1165814151747655,0.00011171486367650401,High,0.99691034193656,0,0
user_000511,20195,511,2280,986,134,584,-0.9511289364230541,-0.736328125,-0.7435335379219641,9.175652786702161e-05,High,0.8244100734458109,1,0
user_000512,37494,977,4732,6779,585,2008,-0.8191758901186825,-0.40081799591002043,-0.5755334882738221,6.817283789071715e-05,Medium,0.6205758013026258,0,2
user_000514,17721,234,3114,19013,366,3582,0.07290373547003724,0.5617021276595745,0.15024077046548956,2.4457620641978088e-05,Low,0.24274436362553412,1,1
user_000515,9729,735,4165,45581,2493,10268,3.684686536485098,2.3885869565217392,1.4649543927028326,0.0003006565685158581,High,2.6299370193614107,2,0
user_000517,9179,342,1182,20571,480,2548,1.2409586056644881,0.40233236151603496,1.15469146238377,0.00010784818770598522,High,0.9634905894357368,1,0
user_000518,22305,661,2256,8642,501,1547,-0.6125257778176275,-0.24169184290030213,-0.3141338059370846,4.4012552677627836e-05,Medium,0.41175800577826704,1,2
user_000522,40424,547,4208,11427,440,2689,-0.7173036487322202,-0.19525547445255476,-0.3608933238298883,4.8872902392583227e-05,Medium,0.45376609897762105,0,2
user_000524,3221,154,868,11614,437,1974,2.6049037864680322,1.8258064516129033,1.2727272727272727,0.00022447769922902998,High,1.9715216318892659,1,0
user_000525,25649,205,1921,1,1,1,-0.9999220272904483,-0.9902912621359223,-0.9989594172736732,0.00011169561956696703,High,0.996744014739058,1,0
user_000529,22424,1033,6715,86247,958,11156,2.8460646599777033,-0.0725338491295938,0.6612567004169149,0.0001535581943279435,High,1.3585630288550339,2,0
user_000532,5851,180,842,28705,960,3805,3.9053315105946687,4.30939226519337,3.5148279952550414,0.00044869068897927865,High,3.909398682372391,2,0
user_000534,18000,917,3703,712,332,537,-0.9603910893839231,-0.6372549019607843,-0.8547516198704104,9.260673069087029e-05,High,0.8317583923029277,1,0
user_000535,21679,1862,5359,3503,745,1469,-0.8383763837638376,-0.5995705850778315,-0.7257462686567164,8.117406037567426e-05,High,0.7329456096258995,1,0
user_000536,14402,353,2168,45917,975,9025,2.1880858154551137,1.7570621468926553,3.161364684186261,0.00026835597362221406,High,2.3507623755057203,2,0
user_000540,847,85,520,19929,790,4289,22.50235849056604,8.19767441860465,7.234165067178503,0.0015734246460344554,High,13.630495241961363,1,0
user_000543,62902,1695,6347,29105,1535,5427,-0.5372875697502504,-0.09433962264150944,-0.14492753623188406,2.954274353137692e-05,Low,0.2866951755621182,3,1
user_000544,63225,2144,10699,94634,3744,12490,0.4967734792648594,0.745920745920746,0.16738317757009347,5.106362655470636e-05,Medium,0.4727005687531956,3,2
user_000550,12022,583,4068,2717,494,1825,-0.7739332945188389,-0.1523972602739726,-0.5512410911771934,5.6613106021215355e-05,Medium,0.5206648232428853,1,2
user_000552,21350,656,1962,8895,656,1497,-0.5833450423867734,0.0,-0.2368823229750382,3.15915113306705e-05,Low,0.30440271384722084,1,1
user_000553,9682,313,3873,9404,275,4043,-0.028710110502943302,-0.12101910828025478,0.04388229220443986,3.4244716021213287e-06,Low,0.06095446434658571,1,1
user_000554,3120,398,1828,23181,569,3735,6.4277475168215314,0.42857142857142855,1.042646254784035,0.00034491509764329883,High,3.0124643117352514,1,0
user_000557,14836,412,2922,206,54,94,-0.986048392532183,-0.8668280871670703,-0.9674991447143346,0.00010567613837539881,High,0.9447175265772947,1,0
user_000558,9112,655,2627,4250,696,1762,-0.5335235378031383,0.0625,-0.3291476407914764,3.465768469036788e-05,Low,0.33090370735869823,1,1
user_000564,19531,1713,7150,11104,1204,3893,-0.43144583248003276,-0.2969661610268378,-0.45546077471682284,4.245619920689091e-05,Medium,0.39830641371511133,1,2
user_000565,22401,1584,7931,20163,1428,5458,-0.09990179448263548,-0.09842271293375394,-0.31177508825012606,1.5233493196754088e-05,Low,0.16302005814821818,0,1
user_000569,26809,845,4992,16944,645,4667,-0.3679597165236852,-0.2364066193853428,-0.06509112757861005,2.3866258626250886e-05,Low,0.23763321069865997,0,1
user_000570,30081,790,6453,20734,633,5553,-0.3107173725151253,-0.19848293299620734,-0.13944840409048653,2.248168906086324e-05,Low,0.2256663501320583,0,1
user_000571,3079,421,2470,15887,1760,11111,4.158441558441559,3.1729857819905214,3.4969647915823554,0.00042033984339668337,High,3.6643617954484866,1,0
user_000573,5881,313,1472,12153,632,2700,1.0663039782386943,1.015923566878981,0.8336727766463,0.00010992036938885054,High,0.9814004943530621,1,0
user_000575,17691,639,3271,196,84,179,-0.9888650237395433,-0.8671875,-0.9449877750611247,0.00010503759589494107,High,0.9391985920141547,1,0
user_000577,42765,3751,13181,37548,2007,7695,-0.1219894308562877,-0.464818763326226,-0.4161735700197239,3.2597034847134116e-05,Low,0.31309347234630003,3,1
user_000584,4930,746,2105,8457,1361,3731,0.7152707361589942,0.8232931726907631,0.7720797720797721,8.48503880084351e-05,High,0.7647201778947582,1,0
user_000593,22131,614,3834,33169,611,4465,0.4987348635459967,-0.004878048780487805,0.16453715775749675,2.5333951478094558e-05,Low,0.25031850737979405,2,1
user_000594,36176,812,4346,9279,418,2367,-0.7434834286977914,-0.48462484624846247,-0.4552564987347596,6.340389916345217e-05,Medium,0.5793577749740831,0,2
user_000595,9508,710,2775,10617,990,3158,0.11662635398043958,0.39381153305203936,0.13796829971181557,2.022763182522241e-05,Low,0.2061844914213323,1,1
user_000601,3785,96,504,11470,356,1314,2.0298468040147912,2.6804123711340204,1.603960396039604,0.00023902457515947724,High,2.0972505517580036,1,0
user_000603,27935,792,4857,25908,797,5219,-0.07255870561282933,0.006305170239596469,0.07451626183614657,2.53536644154397e-06,Low,0.053269911867854645,0,1
user_000604,21460,564,5374,10581,663,4249,-0.5069195284469503,0.1752212389380531,-0.20930232558139536,3.317917039444206e-05,Low,0.31812488073461465,1,1
user_000607,11845,252,1180,1927,316,769,-0.8372446395407732,0.25296442687747034,-0.34801016088060965,5.597969409361399e-05,Medium,0.5151902321437334,1,2
user_000609,2447,706,1712,9158,2007,4914,2.741421568627451,1.84016973125884,1.869235259778167,0.00025199915934493545,High,2.2093901247620824,1,0
user_000610,44874,945,4645,26795,740,3673,-0.40287465181058496,-0.2167019027484144,-0.20921222557038313,2.980063070595579e-05,Low,0.2889240992198733,0,1
user_000611,14395,581,7513,18088,902,11528,0.2565295915532092,0.5515463917525774,0.5343359063082247,4.593532074594911e-05,Medium,0.42837652603952425,1,2
user_000612,31553,256,2967,49489,265,2982,0.5684223870190784,0.03501945525291829,0.005053908355795148,2.406963122836213e-05,Low,0.23939096389024542,2,1
user_000614,3318,147,1357,8972,359,2192,1.7035251581801747,1.4324324324324325,0.6148748159057438,0.00014627361081842363,High,1.2956022377735228,1,0
user_000615,7032,1210,2935,8867,1707,4355,0.260912839471065,0.41040462427745666,0.48365122615803813,3.9479863755392615e-05,Low,0.3725818909190744,1,1
user_000617,27182,1951,8859,7956,1174,3946,-0.707280285472538,-0.3980532786885246,-0.5545146726862302,6.21687664149063e-05,Medium,0.5686824996014416,0,2
user_000620,18037,364,3167,5450,237,2077,-0.6978046346601618,-0.34794520547945207,-0.3440656565656566,5.2686270714482776e-05,Medium,0.4867251124775973,1,2
user_000625,16243,202,2369,17612,260,2905,0.08427727160797834,0.2857142857142857,0.22616033755274262,1.8039600469687178e-05,Low,0.1872732956232998,1,1
user_000627,1634,688,1185,17644,2583,6741,9.792048929663608,2.7503628447024675,4.684654300168634,0.0007076194412257231,High,6.147324715326774,1,0
user_000628,11752,494,1584,10905,413,1558,-0.07206670637284097,-0.16363636363636364,-0.016403785488958992,5.956487769539044e-06,Low,0.08283872728673318,1,1
user_000629,11512,859,2316,7261,1423,4391,-0.3692347780769565,0.6558139534883721,0.8955545964609408,6.730840320702772e-05,Medium,0.6131044762155764,1,2
user_000630,61028,1185,10405,1,1,1,-0.999967228694555,-0.9983136593591906,-0.999807803190467,0.00011200561722105468,High,0.9994233302427192,0,0
user_000632,20226,1038,3539,14752,1672,4201,-0.27062836802293966,0.6102021174205967,0.18700564971751413,3.656789345807601e-05,Low,0.34741367735060913,1,1
user_000634,74,8,61,13974,229,3683,185.33333333333334,24.555555555555557,58.41935483870968,0.011453689254253791,High,99.02580645161291,1,0
user_000647,29302,944,8505,1,1,1,-0.9999317476026346,-0.9978835978835979,-0.999764871855161,0.00011198755752611713,High,0.9992672399626815,0,0
user_000648,29046,688,3323,1,1,1,-0.9999311460736049,-0.9970972423802612,-0.9993983152827918,0.00011194751199936224,High,0.9989211257283579,0,0
user_000650,1226,106,972,14610,696,4787,10.907905460472698,5.514018691588785,3.920863309352518,0.0008286769226827215,High,7.19362678447147,1,0
user_000651,2051,532,886,57099,2153,4303,26.826510721247562,3.041275797373358,3.8523111612175875,0.0014771834020647755,High,12.798680376076309,2,0
user_000653,9216,312,1349,9707,362,1713,0.053271129434740154,0.1597444089456869,0.2696296296296296,1.37410291244111e-05,Low,0.15012066334649102,1,1
user_000654,40133,450,2215,30016,352,1774,-0.25208053022375043,-0.21729490022172948,-0.1990072202166065,2.2488225907684275e-05,Low,0.22572284822100094,0,1
user_000661,20408,1056,6370,6294,544,2518,-0.6915576461365084,-0.48438978240302744,-0.6046146601789358,6.617684427027164e-05,Medium,0.6033243912291923,1,2
user_000665,5405,235,1420,10781,306,2042,0.9944506104328524,0.3008474576271186,0.43771991555242784,6.803106506501929e-05,Medium,0.6193504561270049,1,2
user_000667,17101,221,1350,2598,293,1053,-0.8480294702373992,0.32432432432432434,-0.21983715766099185,5.450682911685776e-05,Medium,0.5024602326905545,1,2
user_000670,14368,1028,5395,5304,404,2631,-0.630802421880437,-0.6064139941690962,-0.5122312824314307,6.439392094998104e-05,Medium,0.5879145517323329,1,2
user_000675,50713,1287,9233,25391,780,5800,-0.4993098552667902,-0.3936335403726708,-0.37177821095949753,4.60476589818031e-05,Medium,0.4293474675063666,0,2
user_000678,12335,894,2772,7732,1004,2794,-0.3731355382619974,0.12290502793296089,0.007933645870897944,1.818220363572468e-05,Low,0.1885058174459566,1,1
user_000680,25433,948,5405,34311,1050,7665,0.3490603129668947,0.10748155953635406,0.41805401405845355,3.076796612317148e-05,Low,0.2972847972652002,2,1
user_000684,15932,412,4679,49682,1898,13025,2.1182451515722085,3.598062953995157,1.7833333333333334,0.0002811934527369472,High,2.4617169468274307,2,0
user_000685,64332,2125,7697,20110,2609,9273,-0.6873921626536925,0.22765757290686736,0.2047285009093271,4.319277907024149e-05,Medium,0.40467268720633537,3,2
user_000687,7442,470,3022,7925,781,3320,0.06489318823055219,0.6602972399150743,0.09857757194839563,2.5715902693023842e-05,Low,0.25361971885126183,1,1
user_000691,57873,3504,35270,71454,4177,42003,0.23466496181359506,0.1920114122681883,0.19089336848969407,2.0523006350816797e-05,Low,0.20873741895280273,3,1
user_000692,27025,1722,9954,50525,3156,16454,0.8695330422556057,0.832269297736506,0.6529382219989954,8.816581472573403e-05,High,0.7933754728228928,2,0
user_000695,14083,1196,4629,4364,517,1740,-0.6900738426583357,-0.5672514619883041,-0.6239740820734341,6.965627782164426e-05,Medium,0.6333972002818558,1,2
user_000697,8708,424,1773,3886,302,1516,-0.5536801010448961,-0.28705882352941176,-0.14487034949267194,3.6988708814848456e-05,Low,0.3510507923245835,1,1
user_000699,7378,642,2272,8833,873,2398,0.19718118986312508,0.359253499222395,0.055433347998240214,1.9891411179425025e-05,Low,0.20327853011144062,1,1
user_000700,10934,339,2911,9890,331,2741,-0.09547325102880659,-0.023529411764705882,-0.05837912087912088,3.633587876501282e-06,Low,0.06276186020467067,1,1
user_000701,18085,388,1769,12066,257,1691,-0.33279884993917946,-0.33676092544987146,-0.04406779661016949,2.499259495581117e-05,Low,0.2473681565936841,1,1
user_000702,31397,3315,10459,64055,6526,20487,1.0401299445824574,0.968335343787696,0.9586998087954111,0.00011139694022382553,High,0.9941625236079152,2,0
user_000703,24769,1720,9896,11874,1175,5411,-0.5205894226887364,-0.3166763509587449,-0.45316762655350107,4.7186323056121884e-05,Medium,0.4391889623291684,0,2
user_000704,11114,247,2423,5624,95,1304,-0.4939271255060729,-0.6129032258064516,-0.46163366336633666,5.6528308531025135e-05,Medium,0.5199319169542655,1,2
user_000705,7148,595,3735,13060,968,5143,0.8269688068261295,0.6258389261744967,0.37687366167023556,6.944849148308592e-05,Medium,0.6316012990838714,1,2
user_000706,13272,1208,3408,2789,719,1575,-0.7897988397498682,-0.4044665012406948,-0.5376943385156937,6.562650374705505e-05,Medium,0.5985677878268638,1,2
user_000707,13742,158,1990,4931,104,1101,-0.6411263916175508,-0.33962264150943394,-0.44650929181315924,5.333014577664177e-05,Medium,0.4922901366437983,1,2
user_000709,87460,3234,10852,6038,1285,2639,-0.9309520814991825,-0.6024729520865533,-0.7567492859117295,8.663533453476769e-05,High,0.7801475039991578,3,0
user_000710,24507,631,1312,26406,742,1519,0.07748490288885262,0.17563291139240506,0.15765422696115766,1.1526460178675686e-05,Low,0.13098010266160987,2,1
user_000712,3321,145,1436,10434,271,3077,2.141180012040939,0.863013698630137,1.1419624217118998,0.0001650590155301425,High,1.4579648409189867,1,0
user_000714,15042,539,1647,12596,724,2403,-0.1626005451040351,0.3425925925925926,0.4587378640776699,3.1711451045977574e-05,Low,0.3054393550426928,1,1
user_000718,24796,943,4600,7781,603,2699,-0.6861717143202807,-0.3601694915254237,-0.41317104977178876,5.497085859454806e-05,Medium,0.506470848117276,0,2
user_000721,30320,327,3303,9134,247,2381,-0.6987236568714752,-0.24390243902439024,-0.27905569007263925,4.686096672316443e-05,Medium,0.436376901477699,0,2
user_000722,34120,2055,8216,13575,1485,3303,-0.6021218604378535,-0.2772373540856031,-0.5979067786296702,5.461463303787445e-05,Medium,0.5033919839897234,0,2
user_000727,12548,384,5134,24544,525,7148,0.955932743644912,0.36623376623376624,0.3922103213242454,6.693837594893721e-05,Medium,0.6099063237253682,2,2
user_000728,4227,319,1172,27732,835,4922,5.559366130558184,1.6125,3.1969309462915603,0.0004205959970339279,High,3.666575736110742,2,0
user_000729,16628,623,2957,17906,590,3185,0.07685368933790367,-0.052884615384615384,0.07707910750507099,4.439872426493862e-06,Low,0.06973059260206738,1,1
user_000730,2513,782,1620,23798,2855,9459,8.466587112171839,2.6475095785440614,4.835903763109192,0.0006479567366495445,High,5.631658847364712,1,0
user_000732,22181,329,1832,12965,656,2342,-0.4154720043278334,0.990909090909091,0.27823240589198034,5.9652140022247856e-05,Medium,0.5469312507714548,1,2
user_000737,4945,385,1428,10855,624,2377,1.1949049737161344,0.6191709844559585,0.6641007697690693,9.621485937114124e-05,High,0.8629435157539621,1,0
user_000740,11307,329,4040,3245,210,1996,-0.7129465864874425,-0.3606060606060606,-0.5058153922296461,5.944085037899575e-05,Medium,0.545105070445689,1,2
user_000743,4977,692,2947,15428,2257,8180,2.099437525110486,2.2582972582972585,1.775101763907734,0.00023353391998322612,High,2.049794716705692,1,0
user_000745,6274,361,3116,6217,748,3984,-0.009083665338645418,1.069060773480663,0.27847289059993585,4.3565435694764264e-05,Medium,0.4078935653596378,1,2
user_000747,44446,1383,4697,6296,646,1775,-0.8583256462753391,-0.5325144508670521,-0.6219667943805874,7.616759454154378e-05,High,0.6896746320844275,0,0
user_000750,7851,2340,6037,14868,3367,9014,0.8936576668364747,0.438701409653994,0.4930440543226234,7.007158476402819e-05,Medium,0.6369867059275751,1,2
user_000751,41880,2086,14527,6081,708,3097,-0.8547790167379002,-0.6602779108768567,-0.7867566079295154,8.615800805517243e-05,High,0.7760219623370717,0,0
user_000754,11658,392,1978,1,1,1,-0.9998284587014323,-0.9949109414758269,-0.998989388580091,0.00011185267901741045,High,0.9981014824973482,1,0
user_000755,9550,1193,4680,9961,764,4020,0.04303214323107528,-0.3592964824120603,-0.14099551377910702,1.5728736603972295e-05,Low,0.1673004561497803,1,1
user_000760,14067,803,1596,2030,322,543,-0.8556297981234007,-0.5982587064676617,-0.6593613024420789,7.962278665326955e-05,High,0.7195379219222825,1,0
user_000761,6760,977,2692,35736,2470,8285,4.285756544889809,1.5265848670756645,2.0768659487560344,0.0003197934985827735,High,2.7953378627054333,2,0
user_000762,5946,401,1748,6191,453,2237,0.04119724230704557,0.12935323383084577,0.27958833619210977,1.2473035166620427e-05,Low,0.1391613679297049,1,1
user_000766,13623,1038,5155,1104,352,940,-0.9188931297709924,-0.6602502406159769,-0.8174941815360744,9.019116101428728e-05,High,0.8108805785540123,1,0
user_000767,41541,1022,7568,18781,533,5993,-0.5478792547301526,-0.4780058651026393,-0.2080856123662307,4.554224269683107e-05,Medium,0.42497914513272206,0,2
user_000768,5901,451,845,13363,744,1452,1.2643171806167401,0.6482300884955752,0.7174940898345153,0.00010228919660890866,High,0.9154441257457233,1,0
user_000770,3148,102,1852,18719,393,6772,4.944744363289933,2.825242718446602,2.6551538046411225,0.0004154405026739853,High,3.622016702242291,1,0
user_000771,13189,337,2272,21455,468,2954,0.6266868840030326,0.3875739644970414,0.30004399472063353,4.924245411064734e-05,Medium,0.4569601413665155,1,2
user_000772,9338,392,1446,13346,634,2643,0.4291680051397366,0.6157760814249363,0.8272287491361437,6.632080554657755e-05,Medium,0.6045686512242187,1,2
user_000774,68751,6636,28237,9342,3423,6337,-0.8641057714684663,-0.48410426397468737,-0.7755506763935123,8.00856884403277e-05,High,0.7235387906978464,3,0
user_000779,24898,1438,5362,12030,1446,4938,-0.5168079039318848,0.005559416261292564,-0.07906022748461682,2.3227112023644555e-05,Low,0.23210905469652676,0,1
user_000780,3510,316,1348,18119,1309,6076,4.160922814013102,3.132492113564669,3.5048183839881393,0.00041932173607324067,High,3.655562274871083,1,0
user_000781,31574,472,3612,15594,350,3498,-0.5060965954077593,-0.25792811839323465,-0.031552726266260725,2.9842143093685843e-05,Low,0.2892828915609523,0,1
user_000782,33649,560,3881,6653,268,1909,-0.802258543833581,-0.5204991087344029,-0.5079855744461618,6.919944925778234e-05,Medium,0.6294488224876018,0,2
user_000783,43051,1556,18834,28095,1049,11755,-0.34739384929852274,-0.325626204238921,-0.3758428457658614,3.679750968964244e-05,Low,0.34939825472084385,0,1
user_000787,46260,593,2461,8752,561,1435,-0.8107909470180066,-0.05387205387205387,-0.41673436230706745,5.023032219780399e-05,Medium,0.46549830366093903,0,2
user_000788,13350,900,5073,3139,348,1528,-0.7648116245974085,-0.6126526082130965,-0.6986598344501379,7.728337954114847e-05,High,0.6993183826379337,1,0
user_000789,37117,1212,9260,11106,629,3230,-0.7007651274314349,-0.4806265457543281,-0.6511175898931001,6.808646648893828e-05,Medium,0.6198292916668025,0,2
user_000790,10886,999,2725,36195,1824,5773,2.3246991825112517,0.825,1.1181217901687455,0.0001714053363469569,High,1.5128162100551243,2,0
user_000791,56068,1916,9161,102618,2607,10172,0.8302270416807862,0.3604590505998957,0.11034708578912901,5.11367594336127e-05,Medium,0.4733326575890219,3,2
user_000792,36359,1968,14009,11790,1029,6591,-0.6757150715071507,-0.47689182326053836,-0.5294789436117059,6.25754251539585e-05,Medium,0.5721972586645336,0,2
user_000793,53100,1330,7332,32115,1267,5910,-0.3951902977345059,-0.0473328324567994,-0.1939179053593345,2.3035313957911144e-05,Low,0.23045134043864254,3,1
user_000794,24025,702,5044,1938,151,1008,-0.9192957629234996,-0.7837837837837838,-0.8,9.389043126580753e-05,High,0.8428534403045349,1,0
user_000798,45087,813,6216,4321,388,2266,-0.9041430092264017,-0.5221130221130221,-0.6353546726717066,7.839168786297107e-05,High,0.7088975121259794,0,0
user_000800,94848,2843,27368,47108,2526,15265,-0.503326339761094,-0.11146272855133614,-0.4422156454382696,3.8884256707646496e-05,Low,0.3674340481013193,3,1
user_000802,49309,354,4295,10594,291,2859,-0.7851348610829446,-0.17746478873239438,-0.33426443202979517,5.0470331746146446e-05,Medium,0.4675727106618347,0,2
user_000803,19125,449,3198,2881,221,1325,-0.8493150684931506,-0.5066666666666667,-0.5854954673335417,7.358748157321506e-05,High,0.6673746675973228,1,0
user_000804,17102,1311,5146,13395,1351,5012,-0.21674560018710168,0.03048780487804878,-0.026034583252380027,8.364932097419154e-06,Low,0.1036549565139693,1,1
user_000806,3510,178,1034,10069,303,2384,1.8681287382512104,0.6983240223463687,1.3043478260869565,0.00015234218641933044,High,1.3480530498304817,1,0
user_000807,18207,2022,10338,9765,1557,5445,-0.46364235500878737,-0.22985664854176965,-0.4732566012186865,4.2234575621137936e-05,Medium,0.39639091693165174,1,2
user_000808,28701,227,1450,1,1,1,-0.9999303184447077,-0.9912280701754386,-0.9986216402481047,0.00011171679570616576,High,0.996927040504946,0,0
user_000809,28788,768,5573,4599,479,2733,-0.840216749452916,-0.37581274382314694,-0.5095084320057409,6.598694086185651e-05,Medium,0.6016830525298328,0,2
user_000810,17617,1115,3944,8654,690,2659,-0.5087410602792598,-0.38082437275985664,-0.3257287705956908,4.4441148460302615e-05,Medium,0.41546236711836815,1,2
user_000814,21900,432,4388,3885,390,1973,-0.8225651796721611,-0.09699769053117784,-0.5502392344497608,5.690609695699466e-05,Medium,0.523197149363146,1,2
user_000816,11385,388,1831,9536,380,1730,-0.16239241173370805,-0.02056555269922879,-0.055131004366812224,6.514996865235619e-06,Low,0.08766593181329552,1,1
user_000819,23209,1131,5955,8909,884,3293,-0.6161137440758294,-0.21819787985865724,-0.4469442578912021,4.797298994956726e-05,Medium,0.4459881389552896,1,2
user_000824,7860,168,2520,14298,260,3278,0.8189797735657041,0.5443786982248521,0.3006743355811186,6.360637987837515e-05,Medium,0.5811078195680728,1,2
user_000825,12012,432,2938,7192,435,2661,-0.40123199866810955,0.006928406466512702,-0.09424974481116026,1.8452991829199346e-05,Low,0.19084624485054572,1,1
user_000829,26878,265,4913,18991,158,2904,-0.29342609472078574,-0.40225563909774437,-0.40883190883190884,3.8104743656459694e-05,Low,0.36069670226721023,0,1
user_000830,20060,1494,5421,16382,1371,5962,-0.18334081052788995,-0.0822742474916388,0.09977867945407598,1.1176131145302142e-05,Low,0.12795220229487042,1,1
user_000831,6084,278,1600,5471,272,1649,-0.10073952341824158,-0.021505376344086023,0.030605871330418487,2.8430450329643945e-06,Low,0.05592918366964798,1,1
user_000832,9023,519,2509,2851,569,2019,-0.6839539007092199,0.09615384615384616,-0.1952191235059761,3.813907760003555e-05,Low,0.3609934511816346,1,1
user_000833,52246,380,3641,39393,284,3896,-0.24600455528547094,-0.25196850393700787,0.0700164744645799,1.8933272036315786e-05,Low,0.19499731563466471,3,1
user_000835,9430,777,3511,29180,953,4933,2.0941575654755593,0.2262210796915167,0.4048974943052392,0.00011519608449696222,High,1.0269985983892507,2,0
user_000836,15134,1579,4215,5450,843,3326,-0.6398414271555996,-0.46582278481012657,-0.21086337760910817,4.9471804329974885e-05,Medium,0.4589424195880102,1,2
user_000837,43622,1673,8682,18145,1168,6341,-0.5840267748664695,-0.3016726403823178,-0.26960727859034894,4.323003439102017e-05,Medium,0.40499468563838786,0,2
user_000841,20736,993,6393,13114,1164,5266,-0.36755557698799246,0.1720321931589537,-0.17625899280575538,2.5471759720095516e-05,Low,0.25150958658460976,1,1
user_000842,22796,751,6369,16275,318,2644,-0.28604640961530026,-0.5757978723404256,-0.5847723704866562,4.9893788506655855e-05,Medium,0.4625896366942446,0,2
user_000844,34828,2625,10260,15383,1479,6755,-0.5582991185506331,-0.4364051789794364,-0.3415846408732092,4.921427553085715e-05,Medium,0.456716593376047,0,2
user_000845,14526,295,1688,12647,461,2458,-0.12934535692159427,0.5608108108108109,0.45589105979869743,3.764795899838458e-05,Low,0.35674870395149016,1,1
user_000848,14619,1946,6118,7963,1761,3946,-0.45526675786593707,-0.09501797637390857,-0.35495996077790487,3.306060112079028e-05,Low,0.3171000842919189,1,1
user_000849,20759,586,5324,8109,231,1756,-0.609344894026975,-0.6047700170357752,-0.6700469483568076,6.882159802387742e-05,Medium,0.6261830472285648,1,2
user_000851,13087,1354,5607,1359,441,1120,-0.8960880195599022,-0.67380073800738,-0.8001069900142653,8.90025656001709e-05,High,0.8006075262304546,1,0
user_000857,13466,464,4116,3319,288,2065,-0.7534714487265167,-0.37849462365591396,-0.49817828515909646,6.167217516091714e-05,Medium,0.5643904521351099,1,2
user_000861,97647,3580,35733,56368,2769,19367,-0.4227326724561691,-0.22647305222005026,-0.45799518665696537,3.9694100216392466e-05,Low,0.3744335406455723,3,1
user_000862,19298,1143,5266,5144,691,2210,-0.7334058759521219,-0.3951048951048951,-0.5802164419973419,6.416763424373548e-05,Medium,0.5859587515115199,1,2
user_000870,32081,3508,17754,4261,989,3245,-0.8671529206408578,-0.7178683385579937,-0.8171782596451703,8.978558155398677e-05,High,0.8073751477172924,0,0
user_000871,30170,566,2836,23487,654,2629,-0.22150409333465912,0.15520282186948853,-0.07296439901304194,1.4542964251266196e-05,Low,0.1570518035986228,0,1
user_000874,4710,158,970,19025,356,3612,3.038632986627043,1.2452830188679245,2.720906282183316,0.00027466714934815166,High,2.4053099849661894,1,0
user_000875,6423,1262,3814,16994,684,3104,1.6455479452054795,-0.4576405384006334,-0.18610747051114024,9.487274321046162e-05,High,0.8513435807557239,1,0
user_000878,27117,618,2918,227,56,88,-0.9915923003171325,-0.9079159935379645,-0.9695101062007537,0.00010742867693817312,High,0.9598647500484685,0,0
user_000882,42512,1582,16460,20322,1755,13396,-0.5219579893209136,0.10928616550852811,-0.18613692971265416,3.0782466500261026e-05,Low,0.29741012429472014,0,1
user_000885,49080,266,4479,1866,168,1222,-0.9619608402436788,-0.36704119850187267,-0.7270089285714286,7.886627460896388e-05,High,0.7129993742194619,0,0
user_000888,8258,321,1388,3418,107,474,-0.586027364087662,-0.6645962732919255,-0.6580273578113751,6.940183369667369e-05,Medium,0.631198034966055,1,2
user_000889,52106,203,1340,12815,150,1127,-0.7540445621509586,-0.25980392156862747,-0.15883668903803133,4.5800354243470666e-05,Medium,0.4272100080423811,0,2
user_000890,16695,641,4408,1,1,1,-0.9998802108289411,-0.9968847352024922,-0.9995463823996371,0.00011194291798912331,High,0.9988814196122153,1,0
user_000893,19777,428,3590,3425,149,1328,-0.8267772272221661,-0.6503496503496503,-0.6299081035923141,7.907324429465107e-05,High,0.7147882170714558,1,0
user_000896,18310,1457,12514,7350,616,6998,-0.5985473212822894,-0.5768175582990398,-0.4407510986815821,5.939277170929296e-05,Medium,0.5446895256071024,1,2
user_000898,5960,1251,4307,6367,1264,5321,0.06827713470894145,0.010383386581469648,0.23537604456824512,8.062228447982496e-06,Low,0.10103868322849102,1,1
user_000899,17822,290,3068,26373,551,5147,0.47977332660046007,0.8969072164948454,0.6774193548387096,7.3221016373059e-05,Medium,0.6642073020402506,2,2
user_000901,22786,1537,9464,9810,792,5132,-0.5694474919910475,-0.48439531859557866,-0.4576862123613312,5.542586258430123e-05,Medium,0.510403456083492,0,2
user_000905,11386,242,1336,6800,217,1024,-0.40273996662861156,-0.102880658436214,-0.23335826477187735,2.6681762551381798e-05,Low,0.261967663613872,1,1
user_000906,22938,310,1371,7615,203,837,-0.6679890143423863,-0.3440514469453376,-0.3892128279883382,5.2738309910280214e-05,Medium,0.4871748882170573,1,2
user_000909,46081,578,4750,10527,1090,4727,-0.7715376936764897,0.8842832469775475,-0.00484108608713955,6.29404733918113e-05,Medium,0.575352377390002,0,2
user_000910,7071,624,6771,32249,1795,18346,3.560237556561086,1.8736,1.7092439456585942,0.00028550112127627295,High,2.4989482063220123,2,0
user_000914,26676,614,4487,9944,536,2477,-0.6272069573040446,-0.12682926829268293,-0.44786096256684493,4.5346790966022425e-05,Medium,0.42328985217947623,0,2
user_000915,12264,777,4052,4539,479,1863,-0.6298410110069302,-0.38303341902313626,-0.5400937577103381,5.756297487129426e-05,Medium,0.5288745574228144,1,2
user_000920,27490,434,2743,20341,409,2886,-0.26004874322505545,-0.05747126436781609,0.05211370262390671,1.2210814218627823e-05,Low,0.13689498738753902,0,1
user_000923,10904,788,2507,2885,337,793,-0.7353507565337002,-0.5716096324461344,-0.6834130781499203,7.39661048679256e-05,High,0.6706471157922965,1,0
user_000927,9641,328,2400,12301,516,4034,0.27587637419622485,0.5714285714285714,0.6805497709287797,5.259590181397059e-05,Medium,0.48594405238569527,1,2
user_000929,14115,1786,5160,10584,768,2040,-0.2501416831963729,-0.5696698377168439,-0.6045340050377834,4.870533676158633e-05,Medium,0.4523178261049373,1,2
user_000930,6505,299,1367,8077,319,1402,0.24162311712265602,0.06666666666666667,0.025584795321637425,1.0756426294598664e-05,Low,0.12432468544555364,1,1
user_000931,7609,313,734,10230,1762,4976,0.34441524310118266,4.614649681528663,5.771428571428571,0.0003728133669104951,High,3.253589573127643,1,0
user_000934,14659,521,3660,16246,779,3292,0.1082537517053206,0.4942528735632184,-0.10051898388418465,2.2026605903226553e-05,Low,0.22173305791634915,1,1
user_000939,44948,707,2626,3107,339,881,-0.9308549689648268,-0.519774011299435,-0.6642558051008756,8.054989452083686e-05,High,0.7275509325060239,0,0
user_000941,7567,424,2371,8994,418,2190,0.1885570824524313,-0.01411764705882353,-0.07630691399662731,8.237111568278336e-06,Low,0.10255020129760778,1,1
user_000942,32327,1923,4893,8814,1313,2917,-0.7273261568918584,-0.31704781704781704,-0.40375970576215775,5.505206534781629e-05,Medium,0.5071727195997359,0,2
user_000944,10139,1288,6036,4849,847,3412,-0.5216962524654832,-0.3421256788207913,-0.43465297333112474,4.7478250495680685e-05,Medium,0.44171209663176814,1,2
user_000949,155737,657,5377,27366,486,1677,-0.8242753855834799,-0.25987841945288753,-0.687988099665303,6.742012733873724e-05,Medium,0.6140701099688491,3,2
user_000950,26371,1262,3940,4173,637,1404,-0.8417260731078416,-0.4948535233570863,-0.6434914996193859,7.483927437677833e-05,High,0.6781939361360784,0,0
user_000952,10702,251,1533,14980,536,2829,0.3997010184060544,1.130952380952381,0.8448500651890483,8.345052562363321e-05,High,0.7526211412048505,1,0
user_000954,12393,494,3706,2398,138,711,-0.8064385993222527,-0.7191919191919192,-0.8079309414620988,8.67006813712443e-05,High,0.7807122979251064,1,0
user_000957,27463,1655,7253,10245,1750,5501,-0.6269297990096125,0.057367149758454104,-0.24152191894127378,3.5760879447728295e-05,Low,0.3404386402137634,0,1
user_000958,26849,2401,9230,29095,2838,10501,0.08364990689013035,0.1819317235636969,0.13768822446105514,1.1337387868922254e-05,Low,0.12934594716347775,2,1
user_000960,12800,192,1012,23853,303,2249,0.8634481681118663,0.5751295336787565,1.2211253701875617,9.868069029552346e-05,High,0.884255738404642,1,0
user_000961,37374,1871,10039,6570,1074,3841,-0.8241872909698996,-0.42574786324786323,-0.6173306772908367,7.072086863735872e-05,Medium,0.6425984785495699,0,2
user_000963,30234,2887,9856,9884,1522,4592,-0.6730610219943773,-0.4726454293628809,-0.53403672516993,6.246340370093419e-05,Medium,0.5712290551575941,0,2
user_000964,5144,291,1069,11411,709,2897,1.2180758017492712,1.4315068493150684,1.708411214953271,0.0001617315784244682,High,1.4292057399802105,1,0
user_000969,13130,441,2618,2824,132,883,-0.7848602543599117,-0.6990950226244343,-0.6624665903016419,7.995538615561251e-05,High,0.7224125856217876,1,0
user_000970,185,135,181,25664,1706,12085,136.98387096774192,11.551470588235293,65.4065934065934,0.009007224686872537,High,77.88096758554538,2,0
user_000971,15949,453,3811,5940,301,2039,-0.6275235109717868,-0.33480176211453744,-0.4648478488982162,5.31698026131649e-05,Medium,0.4909042876925408,1,2
user_000973,15965,989,6409,24456,1312,9394,0.5318176124264061,0.32626262626262625,0.4656786271450858,4.847296365272854e-05,Medium,0.4503094209928761,2,2
user_000974,14414,362,2426,3731,700,2223,-0.7411030176899064,0.931129476584022,-0.08364235681911825,6.589318942310941e-05,Medium,0.6008727570969047,1,2
user_000976,14560,301,2638,439,67,318,-0.9697822951720348,-0.7748344370860927,-0.8791208791208791,9.866261495863204e-05,High,0.8840995129309055,1,0
user_000978,14482,1242,4203,4931,786,2403,-0.6594628184768349,-0.3668543845534996,-0.42816365366317793,5.4487195486314956e-05,Medium,0.5022905388557373,1,2
user_000986,37674,1492,7738,7054,549,2691,-0.8127405441274055,-0.6316141995981246,-0.6521514407546195,7.854538389043882e-05,High,0.7102259097567855,0,0
user_000993,14395,450,2359,17344,443,2711,0.2048485690469575,-0.015521064301552107,0.14915254237288136,1.156827507858719e-05,Low,0.13134150962111305,1,1
user_000995,28866,627,5320,20051,424,3262,-0.3053659888453944,-0.3232484076433121,-0.3867694042473219,3.514918331162089e-05,Low,0.33515173910534796,0,1
user_000998,28926,520,5033,5223,230,1886,-0.8194074739862413,-0.5566218809980806,-0.6251489868891538,7.531368198756873e-05,High,0.6822942499606668,0,0
